Доставлен,0 years 0 mons 48 days 15 hours 4 mins 29.0 secs
Доставлен,0 years 0 mons 79 days 15 hours 4 mins 19.0 secs
Доставлен,0 years 0 mons 18 days 14 hours 53 mins 10.0 secs
Доставлен,0 years 0 mons 13 days 0 hours 38 mins 38.0 secs
Доставлен,0 years 0 mons 13 days 0 hours 16 mins 59.0 secs
Доставлен,0 years 0 mons 18 days 15 hours 4 mins 9.0 secs
Доставлен,0 years 0 mons 12 days 22 hours 10 mins 58.0 secs
Доставлен,0 years 0 mons 12 days 22 hours 3 mins 52.0 secs
Доставлен,0 years 0 mons 12 days 9 hours 24 mins 58.0 secs
Доставлен,0 years 0 mons 12 days 9 hours 40 mins 29.0 secs
Доставлен,0 years 0 mons 18 days 0 hours 3 mins 31.0 secs
Доставлен,0 years 0 mons 7 days 14 hours 47 mins 53.0 secs
Доставлен,0 years 0 mons 7 days 14 hours 36 mins 32.0 secs
Доставлен,0 years 0 mons 7 days 14 hours 32 mins 34.0 secs
Доставлен,0 years 0 mons 7 days 14 hours 8 mins 26.0 secs
Доставлен,0 years 0 mons 7 days 13 hours 44 mins 29.0 secs
Доставлен,0 years 0 mons 7 days 13 hours 32 mins 23.0 secs
Доставлен,0 years 0 mons 7 days 13 hours 41 mins 57.0 secs
Доставлен,0 years 0 mons 122 days 0 hours 3 mins 12.0 secs
Доставлен,0 years 0 mons 31 days 0 hours 14 mins 11.0 secs
Доставлен,0 years 0 mons 153 days 0 hours 14 mins 3.0 secs
Доставлен,0 years 0 mons 0 days 0 hours 13 mins 59.0 secs
Доставлен,0 years 0 mons 0 days 0 hours 14 mins 9.0 secs
Доставлен,0 years 0 mons 0 days 0 hours 2 mins 57.0 secs
Доставлен,0 years 0 mons 0 days 0 hours 2 mins 58.0 secs
Доставлен,0 years 0 mons 0 days 0 hours 3 mins 1.0 secs
Доставлен,0 years 0 mons 0 days 0 hours 13 mins 54.0 secs
Доставлен,0 years 0 mons 0 days 0 hours 2 mins 50.0 secs
